A-9.5x7M,A-9_Burning_Bush,0.57326,0.8,5.6,7,0.5
A-9.5x7P,A-9_Burning_Bush,0.026478053,0.8,5.6,7,0.0197
A-9,A-9_Burning_Bush,1.60088,0.8,8,10,0.75
A-9P,A-9_Burning_Bush,0.054036842,0.8,8,10,0.0197
A-9.11x14M,A-9_Burning_Bush,3.1377248,0.8,11.2,14,0.75
A-9.11x14P,A-9_Burning_Bush,0.105912211,0.8,11.2,14,0.0197
A-9.16x20M,A-9_Burning_Bush,6.40352,0.8,16,20,0.75
A-9.16x20P,A-9_Burning_Bush,0.21614737,0.8,16,20,0.0197
A-9.20x24M,A-9_Burning_Bush,9.2210688,0.8,19.2,24,0.75
A-9.20x24P,A-9_Burning_Bush,0.311252213,0.8,19.2,24,0.0197
A-9.24x30M,A-9_Burning_Bush,14.40792,0.8,24,30,0.75
A-9.24x30P,A-9_Burning_Bush,0.486331582,0.8,24,30,0.0197
A-9.30x40M,A-9_Burning_Bush,25.61408,0.8,32,40,0.75
A-9.30x40P,A-9_Burning_Bush,0.864589479,0.8,32,40,0.0197
A-9.40x50M,A-9_Burning_Bush,40.022,0.8,40,50,0.75
A-9.40x50P,A-9_Burning_Bush,1.350921062,0.8,40,50,0.0197
A-10.5x7M,A-10-of-Kazan,0.572112167,0.798333333,5.588333333,7,0.5
A-10.5x7P,A-10-of-Kazan,0.02642289,0.798333333,5.588333333,7,0.0197
A-10,A-10-of-Kazan,1.597503167,0.798333333,7.983333333,10,0.75
A-10P,A-10-of-Kazan,0.053924266,0.798333333,7.983333333,10,0.0197
A-10.11x14M,A-10-of-Kazan,3.131106207,0.798333333,11.17666667,14,0.75
A-10.11x14P,A-10-of-Kazan,0.105691561,0.798333333,11.17666667,14,0.0197
A-10.16x20M,A-10-of-Kazan,6.390012667,0.798333333,15.96666667,20,0.75
A-10.16x20P,A-10-of-Kazan,0.215697063,0.798333333,15.96666667,20,0.0197
A-10.20x24M,A-10-of-Kazan,9.20161824,0.798333333,19.16,24,0.75
A-10.20x24P,A-10-of-Kazan,0.310603771,0.798333333,19.16,24,0.0197
A-10.24x30M,A-10-of-Kazan,14.3775285,0.798333333,23.95,30,0.75
A-10.24x30P,A-10-of-Kazan,0.485318391,0.798333333,23.95,30,0.0197
A-10.30x40M,A-10-of-Kazan,25.56005067,0.798333333,31.93333333,40,0.75
A-10.30x40P,A-10-of-Kazan,0.862788251,0.798333333,31.93333333,40,0.0197
A-10.40x50M,A-10-of-Kazan,39.93757917,0.798333333,39.91666667,50,0.75
A-10.40x50P,A-10-of-Kazan,1.348106643,0.798333333,39.91666667,50,0.0197
A-11.5x7M,A-11_Theotokos_Korsun,0.621469,0.87,6.09,7,0.5
A-11.5x7P,A-11_Theotokos_Korsun,0.028794882,0.87,6.09,7,0.0197
A-11,A-11_Theotokos_Korsun,1.742707,0.87,8.7,10,0.75
A-11P,A-11_Theotokos_Korsun,0.058765066,0.87,8.7,10,0.0197
A-11.11x14M,A-11_Theotokos_Korsun,3.41570572,0.87,12.18,14,0.75
A-11.11x14P,A-11_Theotokos_Korsun,0.11517953,0.87,12.18,14,0.0197
A-11.16x20M,A-11_Theotokos_Korsun,6.970828,0.87,17.4,20,0.75
A-11.16x20P,A-11_Theotokos_Korsun,0.235060265,0.87,17.4,20,0.0197
A-11.20x24M,A-11_Theotokos_Korsun,10.03799232,0.87,20.88,24,0.75
A-11.20x24P,A-11_Theotokos_Korsun,0.338486781,0.87,20.88,24,0.0197
A-11.24x30M,A-11_Theotokos_Korsun,15.684363,0.87,26.1,30,0.75
A-11.24x30P,A-11_Theotokos_Korsun,0.528885596,0.87,26.1,30,0.0197
A-11.30x40M,A-11_Theotokos_Korsun,27.883312,0.87,34.8,40,0.75
A-11.30x40P,A-11_Theotokos_Korsun,0.940241059,0.87,34.8,40,0.0197
A-11.40x50M,A-11_Theotokos_Korsun,43.567675,0.87,43.5,50,0.75
A-11.40x50P,A-11_Theotokos_Korsun,1.469126655,0.87,43.5,50,0.0197
A-13.5x7M,A-13_Theotokos_Platytera,0.486024667,1.485148515,7,4.713333333,0.5
A-13.5x7P,A-13_Theotokos_Platytera,0.022285694,1.485148515,7,4.713333333,0.0197
A-13,A-13_Theotokos_Platytera,1.344240667,1.485148515,10,6.733333333,0.75
A-13P,A-13_Theotokos_Platytera,0.045481009,1.485148515,10,6.733333333,0.0197
A-13.11x14M,A-13_Theotokos_Platytera,2.634711707,1.485148515,14,9.426666667,0.75
A-13.11x14P,A-13_Theotokos_Platytera,0.089142778,1.485148515,14,9.426666667,0.0197
A-13.16x20M,A-13_Theotokos_Platytera,5.376962667,1.485148515,20,13.46666667,0.75
A-13.16x20P,A-13_Theotokos_Platytera,0.181924036,1.485148515,20,13.46666667,0.0197
A-13.20x24M,A-13_Theotokos_Platytera,7.74282624,1.485148515,24,16.16,0.75
A-13.20x24P,A-13_Theotokos_Platytera,0.261970612,1.485148515,24,16.16,0.0197
A-13.24x30M,A-13_Theotokos_Platytera,12.098166,1.485148515,30,20.2,0.75
A-13.24x30P,A-13_Theotokos_Platytera,0.409329082,1.485148515,30,20.2,0.0197
A-13.30x40M,A-13_Theotokos_Platytera,21.50785067,1.485148515,40,26.93333333,0.75
A-13.30x40P,A-13_Theotokos_Platytera,0.727696145,1.485148515,40,26.93333333,0.0197
A-13.40x50M,A-13_Theotokos_Platytera,33.60601667,1.485148515,50,33.66666667,0.75
A-13.40x50P,A-13_Theotokos_Platytera,1.137025227,1.485148515,50,33.66666667,0.0197
A-14.5x7M,A-14_Theotokos_Myrtle_Tree,0.526198833,0.731666667,5.121666667,7,0.5
A-14.5x7P,A-14_Theotokos_Myrtle_Tree,0.024216386,0.731666667,5.121666667,7,0.0197
A-14,A-14_Theotokos_Myrtle_Tree,1.462429833,0.731666667,7.316666667,10,0.75
A-14P,A-14_Theotokos_Myrtle_Tree,0.049421196,0.731666667,7.316666667,10,0.0197
A-14.11x14M,A-14_Theotokos_Myrtle_Tree,2.866362473,0.731666667,10.24333333,14,0.75
A-14.11x14P,A-14_Theotokos_Myrtle_Tree,0.096865543,0.731666667,10.24333333,14,0.0197
A-14.16x20M,A-14_Theotokos_Myrtle_Tree,5.849719333,0.731666667,14.63333333,20,0.75
A-14.16x20P,A-14_Theotokos_Myrtle_Tree,0.197684782,0.731666667,14.63333333,20,0.0197
A-14.20x24M,A-14_Theotokos_Myrtle_Tree,8.42359584,0.731666667,17.56,24,0.75
A-14.20x24P,A-14_Theotokos_Myrtle_Tree,0.284666086,0.731666667,17.56,24,0.0197
A-14.24x30M,A-14_Theotokos_Myrtle_Tree,13.1618685,0.731666667,21.95,30,0.75
A-14.24x30P,A-14_Theotokos_Myrtle_Tree,0.44479076,0.731666667,21.95,30,0.0197
A-14.30x40M,A-14_Theotokos_Myrtle_Tree,23.39887733,0.731666667,29.26666667,40,0.75
A-14.30x40P,A-14_Theotokos_Myrtle_Tree,0.790739128,0.731666667,29.26666667,40,0.0197
A-14.40x50M,A-14_Theotokos_Myrtle_Tree,36.56074583,0.731666667,36.58333333,50,0.75
A-14.40x50P,A-14_Theotokos_Myrtle_Tree,1.235529888,0.731666667,36.58333333,50,0.0197
A-17.5x7M,A-17_Theotokos_Portaitissa_Keeper_of_Portal,0.522755333,0.726666667,5.086666667,7,0.5
A-17.5x7P,A-17_Theotokos_Portaitissa_Keeper_of_Portal,0.024050898,0.726666667,5.086666667,7,0.0197
A-17,A-17_Theotokos_Portaitissa_Keeper_of_Portal,1.452299333,0.726666667,7.266666667,10,0.75
A-17P,A-17_Theotokos_Portaitissa_Keeper_of_Portal,0.049083465,0.726666667,7.266666667,10,0.0197
A-17.11x14M,A-17_Theotokos_Portaitissa_Keeper_of_Portal,2.846506693,0.726666667,10.17333333,14,0.75
A-17.11x14P,A-17_Theotokos_Portaitissa_Keeper_of_Portal,0.096203592,0.726666667,10.17333333,14,0.0197
A-17.16x20M,A-17_Theotokos_Portaitissa_Keeper_of_Portal,5.809197333,0.726666667,14.53333333,20,0.75
A-17.16x20P,A-17_Theotokos_Portaitissa_Keeper_of_Portal,0.196333861,0.726666667,14.53333333,20,0.0197
A-17.20x24M,A-17_Theotokos_Portaitissa_Keeper_of_Portal,8.36524416,0.726666667,17.44,24,0.75
A-17.20x24P,A-17_Theotokos_Portaitissa_Keeper_of_Portal,0.28272076,0.726666667,17.44,24,0.0197
A-17.24x30M,A-17_Theotokos_Portaitissa_Keeper_of_Portal,13.070694,0.726666667,21.8,30,0.75
A-17.24x30P,A-17_Theotokos_Portaitissa_Keeper_of_Portal,0.441751187,0.726666667,21.8,30,0.0197
A-17.30x40M,A-17_Theotokos_Portaitissa_Keeper_of_Portal,23.23678933,0.726666667,29.06666667,40,0.75
A-17.30x40P,A-17_Theotokos_Portaitissa_Keeper_of_Portal,0.785335444,0.726666667,29.06666667,40,0.0197
A-17.40x50M,A-17_Theotokos_Portaitissa_Keeper_of_Portal,36.30748333,0.726666667,36.33333333,50,0.75
A-17.40x50P,A-17_Theotokos_Portaitissa_Keeper_of_Portal,1.227086631,0.726666667,36.33333333,50,0.0197
A-18.5x7M,A-18_Theotokos_Quick_to_Hear_(Greek),0.572112167,0.798333333,5.588333333,7,0.5
A-18.5x7P,A-18_Theotokos_Quick_to_Hear_(Greek),0.02642289,0.798333333,5.588333333,7,0.0197
A-18,A-18_Theotokos_Quick_to_Hear_(Greek),1.597503167,0.798333333,7.983333333,10,0.75
A-18P,A-18_Theotokos_Quick_to_Hear_(Greek),0.053924266,0.798333333,7.983333333,10,0.0197
A-18.11x14M,A-18_Theotokos_Quick_to_Hear_(Greek),3.131106207,0.798333333,11.17666667,14,0.75
A-18.11x14P,A-18_Theotokos_Quick_to_Hear_(Greek),0.105691561,0.798333333,11.17666667,14,0.0197
A-18.16x20M,A-18_Theotokos_Quick_to_Hear_(Greek),6.390012667,0.798333333,15.96666667,20,0.75
A-18.16x20P,A-18_Theotokos_Quick_to_Hear_(Greek),0.215697063,0.798333333,15.96666667,20,0.0197
A-18.20x24M,A-18_Theotokos_Quick_to_Hear_(Greek),9.20161824,0.798333333,19.16,24,0.75
A-18.20x24P,A-18_Theotokos_Quick_to_Hear_(Greek),0.310603771,0.798333333,19.16,24,0.0197
A-18.24x30M,A-18_Theotokos_Quick_to_Hear_(Greek),14.3775285,0.798333333,23.95,30,0.75
A-18.24x30P,A-18_Theotokos_Quick_to_Hear_(Greek),0.485318391,0.798333333,23.95,30,0.0197
A-18.30x40M,A-18_Theotokos_Quick_to_Hear_(Greek),25.56005067,0.798333333,31.93333333,40,0.75
A-18.30x40P,A-18_Theotokos_Quick_to_Hear_(Greek),0.862788251,0.798333333,31.93333333,40,0.0197
A-18.40x50M,A-18_Theotokos_Quick_to_Hear_(Greek),39.93757917,0.798333333,39.91666667,50,0.75
A-18.40x50P,A-18_Theotokos_Quick_to_Hear_(Greek),1.348106643,0.798333333,39.91666667,50,0.0197
A-19.5x7M,A-19_Theotokos_of_Sinai,0.5353815,0.745,5.215,7,0.5
A-19.5x7P,A-19_Theotokos_of_Sinai,0.024657687,0.745,5.215,7,0.0197
A-19,A-19_Theotokos_of_Sinai,1.4894445,0.745,7.45,10,0.75
A-19P,A-19_Theotokos_of_Sinai,0.05032181,0.745,7.45,10,0.0197
A-19.11x14M,A-19_Theotokos_of_Sinai,2.91931122,0.745,10.43,14,0.75
A-19.11x14P,A-19_Theotokos_of_Sinai,0.098630747,0.745,10.43,14,0.0197
A-19.16x20M,A-19_Theotokos_of_Sinai,5.957778,0.745,14.9,20,0.75
A-19.16x20P,A-19_Theotokos_of_Sinai,0.201287238,0.745,14.9,20,0.0197
A-19.20x24M,A-19_Theotokos_of_Sinai,8.57920032,0.745,17.88,24,0.75
A-19.20x24P,A-19_Theotokos_of_Sinai,0.289853623,0.745,17.88,24,0.0197
A-19.24x30M,A-19_Theotokos_of_Sinai,13.4050005,0.745,22.35,30,0.75
A-19.24x30P,A-19_Theotokos_of_Sinai,0.452896286,0.745,22.35,30,0.0197
A-19.30x40M,A-19_Theotokos_of_Sinai,23.831112,0.745,29.8,40,0.75
A-19.30x40P,A-19_Theotokos_of_Sinai,0.805148953,0.745,29.8,40,0.0197
A-19.40x50M,A-19_Theotokos_of_Sinai,37.2361125,0.745,37.25,50,0.75
A-19.40x50P,A-19_Theotokos_of_Sinai,1.258045239,0.745,37.25,50,0.0197
A-20.5x7M,A-20_Theotokos_Soothe_My_Sorrows,0.5698165,0.795,5.565,7,0.5
A-20.5x7P,A-20_Theotokos_Soothe_My_Sorrows,0.026312565,0.795,5.565,7,0.0197
A-20,A-20_Theotokos_Soothe_My_Sorrows,1.5907495,0.795,7.95,10,0.75
A-20P,A-20_Theotokos_Soothe_My_Sorrows,0.053699112,0.795,7.95,10,0.0197
A-20.11x14M,A-20_Theotokos_Soothe_My_Sorrows,3.11786902,0.795,11.13,14,0.75
A-20.11x14P,A-20_Theotokos_Soothe_My_Sorrows,0.10525026,0.795,11.13,14,0.0197
A-20.16x20M,A-20_Theotokos_Soothe_My_Sorrows,6.362998,0.795,15.9,20,0.75
A-20.16x20P,A-20_Theotokos_Soothe_My_Sorrows,0.214796449,0.795,15.9,20,0.0197
A-20.20x24M,A-20_Theotokos_Soothe_My_Sorrows,9.16271712,0.795,19.08,24,0.75
A-20.20x24P,A-20_Theotokos_Soothe_My_Sorrows,0.309306886,0.795,19.08,24,0.0197
A-20.24x30M,A-20_Theotokos_Soothe_My_Sorrows,14.3167455,0.795,23.85,30,0.75
A-20.24x30P,A-20_Theotokos_Soothe_My_Sorrows,0.48329201,0.795,23.85,30,0.0197
A-20.30x40M,A-20_Theotokos_Soothe_My_Sorrows,25.451992,0.795,31.8,40,0.75
A-20.30x40P,A-20_Theotokos_Soothe_My_Sorrows,0.859185795,0.795,31.8,40,0.0197
A-20.40x50M,A-20_Theotokos_Soothe_My_Sorrows,39.7687375,0.795,39.75,50,0.75
A-20.40x50P,A-20_Theotokos_Soothe_My_Sorrows,1.342477805,0.795,39.75,50,0.0197
A-21.5x7M,A-21_Sweet_Kissing,0.495207333,0.686666667,4.806666667,7,0.5
A-21.5x7P,A-21_Sweet_Kissing,0.022726995,0.686666667,4.806666667,7,0.0197
A-21,A-21_Sweet_Kissing,1.371255333,0.686666667,6.866666667,10,0.75
A-21P,A-21_Sweet_Kissing,0.046381623,0.686666667,6.866666667,10,0.0197
A-21.11x14M,A-21_Sweet_Kissing,2.687660453,0.686666667,9.613333333,14,0.75
A-21.11x14P,A-21_Sweet_Kissing,0.090907981,0.686666667,9.613333333,14,0.0197
A-21.16x20M,A-21_Sweet_Kissing,5.485021333,0.686666667,13.73333333,20,0.75
A-21.16x20P,A-21_Sweet_Kissing,0.185526492,0.686666667,13.73333333,20,0.0197
A-21.20x24M,A-21_Sweet_Kissing,7.89843072,0.686666667,16.48,24,0.75
A-21.20x24P,A-21_Sweet_Kissing,0.267158149,0.686666667,16.48,24,0.0197
A-21.24x30M,A-21_Sweet_Kissing,12.341298,0.686666667,20.6,30,0.75
A-21.24x30P,A-21_Sweet_Kissing,0.417434608,0.686666667,20.6,30,0.0197
A-21.30x40M,A-21_Sweet_Kissing,21.94008533,0.686666667,27.46666667,40,0.75
A-21.30x40P,A-21_Sweet_Kissing,0.74210597,0.686666667,27.46666667,40,0.0197
A-21.40x50M,A-21_Sweet_Kissing,34.28138333,0.686666667,34.33333333,50,0.75
A-21.40x50P,A-21_Sweet_Kissing,1.159540578,0.686666667,34.33333333,50,0.0197
A-141.5x7M,A-141_Annunciation,0.544564167,0.758333333,5.308333333,7,0.5
A-141.5x7P,A-141_Annunciation,0.025098988,0.758333333,5.308333333,7,0.0197
A-141,A-141_Annunciation,1.516459167,0.758333333,7.583333333,10,0.75
A-141P,A-141_Annunciation,0.051222424,0.758333333,7.583333333,10,0.0197
A-141.11x14M,A-141_Annunciation,2.972259967,0.758333333,10.61666667,14,0.75
A-141.11x14P,A-141_Annunciation,0.10039595,0.758333333,10.61666667,14,0.0197
A-141.16x20M,A-141_Annunciation,6.065836667,0.758333333,15.16666667,20,0.75
A-141.16x20P,A-141_Annunciation,0.204889694,0.758333333,15.16666667,20,0.0197
A-141.20x24M,A-141_Annunciation,8.7348048,0.758333333,18.2,24,0.75
A-141.20x24P,A-141_Annunciation,0.29504116,0.758333333,18.2,24,0.0197
A-141.24x30M,A-141_Annunciation,13.6481325,0.758333333,22.75,30,0.75
A-141.24x30P,A-141_Annunciation,0.461001812,0.758333333,22.75,30,0.0197
A-141.30x40M,A-141_Annunciation,24.26334667,0.758333333,30.33333333,40,0.75
A-141.30x40P,A-141_Annunciation,0.819558777,0.758333333,30.33333333,40,0.0197
A-141.40x50M,A-141_Annunciation,37.91147917,0.758333333,37.91666667,50,0.75
A-141.40x50P,A-141_Annunciation,1.28056059,0.758333333,37.91666667,50,0.0197
A-143.5x7M,A-143_Theotokos_Jerusalem,0.4596245,0.635,4.445,7,0.5
A-143.5x7P,A-143_Theotokos_Jerusalem,0.021016954,0.635,4.445,7,0.0197
A-143,A-143_Theotokos_Jerusalem,1.2665735,0.635,6.35,10,0.75
A-143P,A-143_Theotokos_Jerusalem,0.042891744,0.635,6.35,10,0.0197
A-143.11x14M,A-143_Theotokos_Jerusalem,2.48248406,0.635,8.89,14,0.75
A-143.11x14P,A-143_Theotokos_Jerusalem,0.084067818,0.635,8.89,14,0.0197
A-143.16x20M,A-143_Theotokos_Jerusalem,5.066294,0.635,12.7,20,0.75
A-143.16x20P,A-143_Theotokos_Jerusalem,0.171566975,0.635,12.7,20,0.0197
A-143.20x24M,A-143_Theotokos_Jerusalem,7.29546336,0.635,15.24,24,0.75
A-143.20x24P,A-143_Theotokos_Jerusalem,0.247056444,0.635,15.24,24,0.0197
A-143.24x30M,A-143_Theotokos_Jerusalem,11.3991615,0.635,19.05,30,0.75
A-143.24x30P,A-143_Theotokos_Jerusalem,0.386025693,0.635,19.05,30,0.0197
A-143.30x40M,A-143_Theotokos_Jerusalem,20.265176,0.635,25.4,40,0.75
A-143.30x40P,A-143_Theotokos_Jerusalem,0.686267899,0.635,25.4,40,0.0197
A-143.40x50M,A-143_Theotokos_Jerusalem,31.6643375,0.635,31.75,50,0.75
A-143.40x50P,A-143_Theotokos_Jerusalem,1.072293593,0.635,31.75,50,0.0197
A-149.5x7M,A-149-Directress,0.4940595,0.685,4.795,7,0.5
A-149.5x7P,A-149-Directress,0.022671833,0.685,4.795,7,0.0197
A-149,A-149-Directress,1.3678785,0.685,6.85,10,0.75
A-149P,A-149-Directress,0.046269046,0.685,6.85,10,0.0197
A-149.11x14M,A-149-Directress,2.68104186,0.685,9.59,14,0.75
A-149.11x14P,A-149-Directress,0.090687331,0.685,9.59,14,0.0197
A-149.16x20M,A-149-Directress,5.471514,0.685,13.7,20,0.75
A-149.16x20P,A-149-Directress,0.185076185,0.685,13.7,20,0.0197
A-149.20x24M,A-149-Directress,7.87898016,0.685,16.44,24,0.75
A-149.20x24P,A-149-Directress,0.266509707,0.685,16.44,24,0.0197
A-149.24x30M,A-149-Directress,12.3109065,0.685,20.55,30,0.75
A-149.24x30P,A-149-Directress,0.416421417,0.685,20.55,30,0.0197
A-149.30x40M,A-149-Directress,21.886056,0.685,27.4,40,0.75
A-149.30x40P,A-149-Directress,0.740304742,0.685,27.4,40,0.0197
A-149.40x50M,A-149-Directress,34.1969625,0.685,34.25,50,0.75
A-149.40x50P,A-149-Directress,1.156726159,0.685,34.25,50,0.0197
A-161.5x7M,A-161_Nativity_Theotokos,0.558338167,0.778333333,5.448333333,7,0.5
A-161.5x7P,A-161_Nativity_Theotokos,0.025760939,0.778333333,5.448333333,7,0.0197
A-161,A-161_Nativity_Theotokos,1.556981167,0.778333333,7.783333333,10,0.75
A-161P,A-161_Nativity_Theotokos,0.052573345,0.778333333,7.783333333,10,0.0197
A-161.11x14M,A-161_Nativity_Theotokos,3.051683087,0.778333333,10.89666667,14,0.75
A-161.11x14P,A-161_Nativity_Theotokos,0.103043756,0.778333333,10.89666667,14,0.0197
A-161.16x20M,A-161_Nativity_Theotokos,6.227924667,0.778333333,15.56666667,20,0.75
A-161.16x20P,A-161_Nativity_Theotokos,0.210293379,0.778333333,15.56666667,20,0.0197
A-161.20x24M,A-161_Nativity_Theotokos,8.96821152,0.778333333,18.68,24,0.75
A-161.20x24P,A-161_Nativity_Theotokos,0.302822465,0.778333333,18.68,24,0.0197
A-161.24x30M,A-161_Nativity_Theotokos,14.0128305,0.778333333,23.35,30,0.75
A-161.24x30P,A-161_Nativity_Theotokos,0.473160102,0.778333333,23.35,30,0.0197
A-161.30x40M,A-161_Nativity_Theotokos,24.91169867,0.778333333,31.13333333,40,0.75
A-161.30x40P,A-161_Nativity_Theotokos,0.841173514,0.778333333,31.13333333,40,0.0197
A-161.40x50M,A-161_Nativity_Theotokos,38.92452917,0.778333333,38.91666667,50,0.75
A-161.40x50P,A-161_Nativity_Theotokos,1.314333616,0.778333333,38.91666667,50,0.0197
A-162.5x7M,A-162_Entry,0.565225167,0.788333333,5.518333333,7,0.5
A-162.5x7P,A-162_Entry,0.026091915,0.788333333,5.518333333,7,0.0197
A-162,A-162_Entry,1.577242167,0.788333333,7.883333333,10,0.75
A-162P,A-162_Entry,0.053248805,0.788333333,7.883333333,10,0.0197
A-162.11x14M,A-162_Entry,3.091394647,0.788333333,11.03666667,14,0.75
A-162.11x14P,A-162_Entry,0.104367658,0.788333333,11.03666667,14,0.0197
A-162.16x20M,A-162_Entry,6.308968667,0.788333333,15.76666667,20,0.75
A-162.16x20P,A-162_Entry,0.212995221,0.788333333,15.76666667,20,0.0197
A-162.20x24M,A-162_Entry,9.08491488,0.788333333,18.92,24,0.75
A-162.20x24P,A-162_Entry,0.306713118,0.788333333,18.92,24,0.0197
A-162.24x30M,A-162_Entry,14.1951795,0.788333333,23.65,30,0.75
A-162.24x30P,A-162_Entry,0.479239247,0.788333333,23.65,30,0.0197
A-162.30x40M,A-162_Entry,25.23587467,0.788333333,31.53333333,40,0.75
A-162.30x40P,A-162_Entry,0.851980883,0.788333333,31.53333333,40,0.0197
A-162.40x50M,A-162_Entry,39.43105417,0.788333333,39.41666667,50,0.75
A-162.40x50P,A-162_Entry,1.33122013,0.788333333,39.41666667,50,0.0197
A-163.5x7M,A-163-Annunciation,0.565225167,0.788333333,5.518333333,7,0.5
A-163.5x7P,A-163-Annunciation,0.026091915,0.788333333,5.518333333,7,0.0197
A-163,A-163-Annunciation,1.577242167,0.788333333,7.883333333,10,0.75
A-163P,A-163-Annunciation,0.053248805,0.788333333,7.883333333,10,0.0197
A-163.11x14M,A-163-Annunciation,3.091394647,0.788333333,11.03666667,14,0.75
A-163.11x14P,A-163-Annunciation,0.104367658,0.788333333,11.03666667,14,0.0197
A-163.16x20M,A-163-Annunciation,6.308968667,0.788333333,15.76666667,20,0.75
A-163.16x20P,A-163-Annunciation,0.212995221,0.788333333,15.76666667,20,0.0197
A-163.20x24M,A-163-Annunciation,9.08491488,0.788333333,18.92,24,0.75
A-163.20x24P,A-163-Annunciation,0.306713118,0.788333333,18.92,24,0.0197
A-163.24x30M,A-163-Annunciation,14.1951795,0.788333333,23.65,30,0.75
A-163.24x30P,A-163-Annunciation,0.479239247,0.788333333,23.65,30,0.0197
A-163.30x40M,A-163-Annunciation,25.23587467,0.788333333,31.53333333,40,0.75
A-163.30x40P,A-163-Annunciation,0.851980883,0.788333333,31.53333333,40,0.0197
A-163.40x50M,A-163-Annunciation,39.43105417,0.788333333,39.41666667,50,0.75
A-163.40x50P,A-163-Annunciation,1.33122013,0.788333333,39.41666667,50,0.0197
A-185.5x7M,A-185_Theotokos_Vladimirskaya,0.553746833,0.771666667,5.401666667,7,0.5
A-185.5x7P,A-185_Theotokos_Vladimirskaya,0.025540288,0.771666667,5.401666667,7,0.0197
A-185,A-185_Theotokos_Vladimirskaya,1.543473833,0.771666667,7.716666667,10,0.75
A-185P,A-185_Theotokos_Vladimirskaya,0.052123038,0.771666667,7.716666667,10,0.0197
A-185.11x14M,A-185_Theotokos_Vladimirskaya,3.025208713,0.771666667,10.80333333,14,0.75
A-185.11x14P,A-185_Theotokos_Vladimirskaya,0.102161154,0.771666667,10.80333333,14,0.0197
A-185.16x20M,A-185_Theotokos_Vladimirskaya,6.173895333,0.771666667,15.43333333,20,0.75
A-185.16x20P,A-185_Theotokos_Vladimirskaya,0.20849215,0.771666667,15.43333333,20,0.0197
A-185.20x24M,A-185_Theotokos_Vladimirskaya,8.89040928,0.771666667,18.52,24,0.75
A-185.20x24P,A-185_Theotokos_Vladimirskaya,0.300228697,0.771666667,18.52,24,0.0197
A-185.24x30M,A-185_Theotokos_Vladimirskaya,13.8912645,0.771666667,23.15,30,0.75
A-185.24x30P,A-185_Theotokos_Vladimirskaya,0.469107339,0.771666667,23.15,30,0.0197
A-185.30x40M,A-185_Theotokos_Vladimirskaya,24.69558133,0.771666667,30.86666667,40,0.75
A-185.30x40P,A-185_Theotokos_Vladimirskaya,0.833968602,0.771666667,30.86666667,40,0.0197
A-185.40x50M,A-185_Theotokos_Vladimirskaya,38.58684583,0.771666667,38.58333333,50,0.75
A-185.40x50P,A-185_Theotokos_Vladimirskaya,1.303075941,0.771666667,38.58333333,50,0.0197
A-187.5x7M,A-187_Protection,0.495207333,0.686666667,4.806666667,7,0.5
A-187.5x7P,A-187_Protection,0.022726995,0.686666667,4.806666667,7,0.0197
A-187,A-187_Protection,1.371255333,0.686666667,6.866666667,10,0.75
A-187P,A-187_Protection,0.046381623,0.686666667,6.866666667,10,0.0197
A-187.11x14M,A-187_Protection,2.687660453,0.686666667,9.613333333,14,0.75
A-187.11x14P,A-187_Protection,0.090907981,0.686666667,9.613333333,14,0.0197
A-187.16x20M,A-187_Protection,5.485021333,0.686666667,13.73333333,20,0.75
A-187.16x20P,A-187_Protection,0.185526492,0.686666667,13.73333333,20,0.0197
A-187.20x24M,A-187_Protection,7.89843072,0.686666667,16.48,24,0.75
A-187.20x24P,A-187_Protection,0.267158149,0.686666667,16.48,24,0.0197
A-187.24x30M,A-187_Protection,12.341298,0.686666667,20.6,30,0.75
A-187.24x30P,A-187_Protection,0.417434608,0.686666667,20.6,30,0.0197
A-187.30x40M,A-187_Protection,21.94008533,0.686666667,27.46666667,40,0.75
A-187.30x40P,A-187_Protection,0.74210597,0.686666667,27.46666667,40,0.0197
A-187.40x50M,A-187_Protection,34.28138333,0.686666667,34.33333333,50,0.75
A-187.40x50P,A-187_Protection,1.159540578,0.686666667,34.33333333,50,0.0197
A-195.5x7M,A-195_Theotokos_Joy_of_All_That_Sorrow,0.600808,0.84,5.88,7,0.5
A-195.5x7P,A-195_Theotokos_Joy_of_All_That_Sorrow,0.027801955,0.84,5.88,7,0.0197
A-195,A-195_Theotokos_Joy_of_All_That_Sorrow,1.681924,0.84,8.4,10,0.75
A-195P,A-195_Theotokos_Joy_of_All_That_Sorrow,0.056738685,0.84,8.4,10,0.0197
A-195.11x14M,A-195_Theotokos_Joy_of_All_That_Sorrow,3.29657104,0.84,11.76,14,0.75
A-195.11x14P,A-195_Theotokos_Joy_of_All_That_Sorrow,0.111207822,0.84,11.76,14,0.0197
A-195.16x20M,A-195_Theotokos_Joy_of_All_That_Sorrow,6.727696,0.84,16.8,20,0.75
A-195.16x20P,A-195_Theotokos_Joy_of_All_That_Sorrow,0.226954738,0.84,16.8,20,0.0197
A-195.20x24M,A-195_Theotokos_Joy_of_All_That_Sorrow,9.68788224,0.84,20.16,24,0.75
A-195.20x24P,A-195_Theotokos_Joy_of_All_That_Sorrow,0.326814823,0.84,20.16,24,0.0197
A-195.24x30M,A-195_Theotokos_Joy_of_All_That_Sorrow,15.137316,0.84,25.2,30,0.75
A-195.24x30P,A-195_Theotokos_Joy_of_All_That_Sorrow,0.510648161,0.84,25.2,30,0.0197
A-195.30x40M,A-195_Theotokos_Joy_of_All_That_Sorrow,26.910784,0.84,33.6,40,0.75
A-195.30x40P,A-195_Theotokos_Joy_of_All_That_Sorrow,0.907818953,0.84,33.6,40,0.0197
A-195.40x50M,A-195_Theotokos_Joy_of_All_That_Sorrow,42.0481,0.84,42,50,0.75
A-195.40x50P,A-195_Theotokos_Joy_of_All_That_Sorrow,1.418467115,0.84,42,50,0.0197
A-199.5x7M,A-199_Theotokos_Kazanskaya,0.627208167,0.878333333,6.148333333,7,0.5
A-199.5x7P,A-199_Theotokos_Kazanskaya,0.029070695,0.878333333,6.148333333,7,0.0197
A-199,A-199_Theotokos_Kazanskaya,1.759591167,0.878333333,8.783333333,10,0.75
A-199P,A-199_Theotokos_Kazanskaya,0.05932795,0.878333333,8.783333333,10,0.0197
A-199.11x14M,A-199_Theotokos_Kazanskaya,3.448798687,0.878333333,12.29666667,14,0.75
A-199.11x14P,A-199_Theotokos_Kazanskaya,0.116282782,0.878333333,12.29666667,14,0.0197
A-199.16x20M,A-199_Theotokos_Kazanskaya,7.038364667,0.878333333,17.56666667,20,0.75
A-199.16x20P,A-199_Theotokos_Kazanskaya,0.2373118,0.878333333,17.56666667,20,0.0197
A-199.20x24M,A-199_Theotokos_Kazanskaya,10.13524512,0.878333333,21.08,24,0.75
A-199.20x24P,A-199_Theotokos_Kazanskaya,0.341728992,0.878333333,21.08,24,0.0197
A-199.24x30M,A-199_Theotokos_Kazanskaya,15.8363205,0.878333333,26.35,30,0.75
A-199.24x30P,A-199_Theotokos_Kazanskaya,0.53395155,0.878333333,26.35,30,0.0197
A-199.30x40M,A-199_Theotokos_Kazanskaya,28.15345867,0.878333333,35.13333333,40,0.75
A-199.30x40P,A-199_Theotokos_Kazanskaya,0.949247199,0.878333333,35.13333333,40,0.0197
A-199.40x50M,A-199_Theotokos_Kazanskaya,43.98977917,0.878333333,43.91666667,50,0.75
A-199.40x50P,A-199_Theotokos_Kazanskaya,1.483198749,0.878333333,43.91666667,50,0.0197
A-206.5x7M,A-206_Theotokos_Cassiope,0.512424833,0.711666667,4.981666667,7,0.5
A-206.5x7P,A-206_Theotokos_Cassiope,0.023554434,0.711666667,4.981666667,7,0.0197
A-206,A-206_Theotokos_Cassiope,1.421907833,0.711666667,7.116666667,10,0.75
A-206P,A-206_Theotokos_Cassiope,0.048070274,0.711666667,7.116666667,10,0.0197
A-206.11x14M,A-206_Theotokos_Cassiope,2.786939353,0.711666667,9.963333333,14,0.75
A-206.11x14P,A-206_Theotokos_Cassiope,0.094217738,0.711666667,9.963333333,14,0.0197
A-206.16x20M,A-206_Theotokos_Cassiope,5.687631333,0.711666667,14.23333333,20,0.75
A-206.16x20P,A-206_Theotokos_Cassiope,0.192281098,0.711666667,14.23333333,20,0.0197
A-206.20x24M,A-206_Theotokos_Cassiope,8.19018912,0.711666667,17.08,24,0.75
A-206.20x24P,A-206_Theotokos_Cassiope,0.276884781,0.711666667,17.08,24,0.0197
A-206.24x30M,A-206_Theotokos_Cassiope,12.7971705,0.711666667,21.35,30,0.75
A-206.24x30P,A-206_Theotokos_Cassiope,0.43263247,0.711666667,21.35,30,0.0197
A-206.30x40M,A-206_Theotokos_Cassiope,22.75052533,0.711666667,28.46666667,40,0.75
A-206.30x40P,A-206_Theotokos_Cassiope,0.769124391,0.711666667,28.46666667,40,0.0197
A-206.40x50M,A-206_Theotokos_Cassiope,35.54769583,0.711666667,35.58333333,50,0.75
A-206.40x50P,A-206_Theotokos_Cassiope,1.201756861,0.711666667,35.58333333,50,0.0197
A-207.5x7M,A-207_Theotokos_Consolation_Vatopedi,0.479137667,0.663333333,4.643333333,7,0.5
A-207.5x7P,A-207_Theotokos_Consolation_Vatopedi,0.021954719,0.663333333,4.643333333,7,0.0197
A-207,A-207_Theotokos_Consolation_Vatopedi,1.323979667,0.663333333,6.633333333,10,0.75
A-207P,A-207_Theotokos_Consolation_Vatopedi,0.044805549,0.663333333,6.633333333,10,0.0197
A-207.11x14M,A-207_Theotokos_Consolation_Vatopedi,2.595000147,0.663333333,9.286666667,14,0.75
A-207.11x14P,A-207_Theotokos_Consolation_Vatopedi,0.087818875,0.663333333,9.286666667,14,0.0197
A-207.16x20M,A-207_Theotokos_Consolation_Vatopedi,5.295918667,0.663333333,13.26666667,20,0.75
A-207.16x20P,A-207_Theotokos_Consolation_Vatopedi,0.179222194,0.663333333,13.26666667,20,0.0197
A-207.20x24M,A-207_Theotokos_Consolation_Vatopedi,7.62612288,0.663333333,15.92,24,0.75
A-207.20x24P,A-207_Theotokos_Consolation_Vatopedi,0.25807996,0.663333333,15.92,24,0.0197
A-207.24x30M,A-207_Theotokos_Consolation_Vatopedi,11.915817,0.663333333,19.9,30,0.75
A-207.24x30P,A-207_Theotokos_Consolation_Vatopedi,0.403249937,0.663333333,19.9,30,0.0197
A-207.30x40M,A-207_Theotokos_Consolation_Vatopedi,21.18367467,0.663333333,26.53333333,40,0.75
A-207.30x40P,A-207_Theotokos_Consolation_Vatopedi,0.716888777,0.663333333,26.53333333,40,0.0197
A-207.40x50M,A-207_Theotokos_Consolation_Vatopedi,33.09949167,0.663333333,33.16666667,50,0.75
A-207.40x50P,A-207_Theotokos_Consolation_Vatopedi,1.120138714,0.663333333,33.16666667,50,0.0197
A-215.5x7M,A-215_Theotokos_Kykko,0.550303333,0.766666667,5.366666667,7,0.5
A-215.5x7P,A-215_Theotokos_Kykko,0.025374801,0.766666667,5.366666667,7,0.0197
A-215,A-215_Theotokos_Kykko,1.533343333,0.766666667,7.666666667,10,0.75
A-215P,A-215_Theotokos_Kykko,0.051785307,0.766666667,7.666666667,10,0.0197
A-215.11x14M,A-215_Theotokos_Kykko,3.005352933,0.766666667,10.73333333,14,0.75
A-215.11x14P,A-215_Theotokos_Kykko,0.101499202,0.766666667,10.73333333,14,0.0197
A-215.16x20M,A-215_Theotokos_Kykko,6.133373333,0.766666667,15.33333333,20,0.75
A-215.16x20P,A-215_Theotokos_Kykko,0.207141229,0.766666667,15.33333333,20,0.0197
A-215.20x24M,A-215_Theotokos_Kykko,8.8320576,0.766666667,18.4,24,0.75
A-215.20x24P,A-215_Theotokos_Kykko,0.29828337,0.766666667,18.4,24,0.0197
A-215.24x30M,A-215_Theotokos_Kykko,13.80009,0.766666667,23,30,0.75
A-215.24x30P,A-215_Theotokos_Kykko,0.466067766,0.766666667,23,30,0.0197
A-215.30x40M,A-215_Theotokos_Kykko,24.53349333,0.766666667,30.66666667,40,0.75
A-215.30x40P,A-215_Theotokos_Kykko,0.828564918,0.766666667,30.66666667,40,0.0197
A-215.40x50M,A-215_Theotokos_Kykko,38.33358333,0.766666667,38.33333333,50,0.75
A-215.40x50P,A-215_Theotokos_Kykko,1.294632684,0.766666667,38.33333333,50,0.0197
A-216.5x7M,A-216-It-Is-Truly-Meet,0.520459667,0.723333333,5.063333333,7,0.5
A-216.5x7P,A-216-It-Is-Truly-Meet,0.023940573,0.723333333,5.063333333,7,0.0197
A-216,A-216-It-Is-Truly-Meet,1.445545667,0.723333333,7.233333333,10,0.75
A-216P,A-216-It-Is-Truly-Meet,0.048858312,0.723333333,7.233333333,10,0.0197
A-216.11x14M,A-216-It-Is-Truly-Meet,2.833269507,0.723333333,10.12666667,14,0.75
A-216.11x14P,A-216-It-Is-Truly-Meet,0.095762291,0.723333333,10.12666667,14,0.0197
A-216.16x20M,A-216-It-Is-Truly-Meet,5.782182667,0.723333333,14.46666667,20,0.75
A-216.16x20P,A-216-It-Is-Truly-Meet,0.195433247,0.723333333,14.46666667,20,0.0197
A-216.20x24M,A-216-It-Is-Truly-Meet,8.32634304,0.723333333,17.36,24,0.75
A-216.20x24P,A-216-It-Is-Truly-Meet,0.281423876,0.723333333,17.36,24,0.0197
A-216.24x30M,A-216-It-Is-Truly-Meet,13.009911,0.723333333,21.7,30,0.75
A-216.24x30P,A-216-It-Is-Truly-Meet,0.439724806,0.723333333,21.7,30,0.0197
A-216.30x40M,A-216-It-Is-Truly-Meet,23.12873067,0.723333333,28.93333333,40,0.75
A-216.30x40P,A-216-It-Is-Truly-Meet,0.781732988,0.723333333,28.93333333,40,0.0197
A-216.40x50M,A-216-It-Is-Truly-Meet,36.13864167,0.723333333,36.16666667,50,0.75
A-216.40x50P,A-216-It-Is-Truly-Meet,1.221457793,0.723333333,36.16666667,50,0.0197
A-226.5x7M,A-226_Theotokos_Searcher_for_Lost_(Greek_and_English),0.587034,0.82,5.74,7,0.5
A-226.5x7P,A-226_Theotokos_Searcher_for_Lost_(Greek_and_English),0.027140004,0.82,5.74,7,0.0197
A-226,A-226_Theotokos_Searcher_for_Lost_(Greek_and_English),1.641402,0.82,8.2,10,0.75
A-226P,A-226_Theotokos_Searcher_for_Lost_(Greek_and_English),0.055387764,0.82,8.2,10,0.0197
A-226.11x14M,A-226_Theotokos_Searcher_for_Lost_(Greek_and_English),3.21714792,0.82,11.48,14,0.75
A-226.11x14P,A-226_Theotokos_Searcher_for_Lost_(Greek_and_English),0.108560017,0.82,11.48,14,0.0197
A-226.16x20M,A-226_Theotokos_Searcher_for_Lost_(Greek_and_English),6.565608,0.82,16.4,20,0.75
A-226.16x20P,A-226_Theotokos_Searcher_for_Lost_(Greek_and_English),0.221551054,0.82,16.4,20,0.0197
A-226.20x24M,A-226_Theotokos_Searcher_for_Lost_(Greek_and_English),9.45447552,0.82,19.68,24,0.75
A-226.20x24P,A-226_Theotokos_Searcher_for_Lost_(Greek_and_English),0.319033518,0.82,19.68,24,0.0197
A-226.24x30M,A-226_Theotokos_Searcher_for_Lost_(Greek_and_English),14.772618,0.82,24.6,30,0.75
A-226.24x30P,A-226_Theotokos_Searcher_for_Lost_(Greek_and_English),0.498489872,0.82,24.6,30,0.0197
A-226.30x40M,A-226_Theotokos_Searcher_for_Lost_(Greek_and_English),26.262432,0.82,32.8,40,0.75
A-226.30x40P,A-226_Theotokos_Searcher_for_Lost_(Greek_and_English),0.886204216,0.82,32.8,40,0.0197
A-226.40x50M,A-226_Theotokos_Searcher_for_Lost_(Greek_and_English),41.03505,0.82,41,50,0.75
A-226.40x50P,A-226_Theotokos_Searcher_for_Lost_(Greek_and_English),1.384694088,0.82,41,50,0.0197
A-229.5x7M,A-229_Theotokos_Quick_to_Hear,0.508981333,0.706666667,4.946666667,7,0.5
A-229.5x7P,A-229_Theotokos_Quick_to_Hear,0.023388947,0.706666667,4.946666667,7,0.0197
A-229,A-229_Theotokos_Quick_to_Hear,1.411777333,0.706666667,7.066666667,10,0.75
A-229P,A-229_Theotokos_Quick_to_Hear,0.047732544,0.706666667,7.066666667,10,0.0197
A-229.11x14M,A-229_Theotokos_Quick_to_Hear,2.767083573,0.706666667,9.893333333,14,0.75
A-229.11x14P,A-229_Theotokos_Quick_to_Hear,0.093555787,0.706666667,9.893333333,14,0.0197
A-229.16x20M,A-229_Theotokos_Quick_to_Hear,5.647109333,0.706666667,14.13333333,20,0.75
A-229.16x20P,A-229_Theotokos_Quick_to_Hear,0.190930177,0.706666667,14.13333333,20,0.0197
A-229.20x24M,A-229_Theotokos_Quick_to_Hear,8.13183744,0.706666667,16.96,24,0.75
A-229.20x24P,A-229_Theotokos_Quick_to_Hear,0.274939454,0.706666667,16.96,24,0.0197
A-229.24x30M,A-229_Theotokos_Quick_to_Hear,12.705996,0.706666667,21.2,30,0.75
A-229.24x30P,A-229_Theotokos_Quick_to_Hear,0.429592898,0.706666667,21.2,30,0.0197
A-229.30x40M,A-229_Theotokos_Quick_to_Hear,22.58843733,0.706666667,28.26666667,40,0.75
A-229.30x40P,A-229_Theotokos_Quick_to_Hear,0.763720707,0.706666667,28.26666667,40,0.0197
A-229.40x50M,A-229_Theotokos_Quick_to_Hear,35.29443333,0.706666667,35.33333333,50,0.75
A-229.40x50P,A-229_Theotokos_Quick_to_Hear,1.193313604,0.706666667,35.33333333,50,0.0197
A-238.5x7M,A-238_Theotokos_Keeper_of_Portal,0.428633,0.59,4.13,7,0.5
A-238.5x7P,A-238_Theotokos_Keeper_of_Portal,0.019527564,0.59,4.13,7,0.0197
A-238,A-238_Theotokos_Keeper_of_Portal,1.175399,0.59,5.9,10,0.75
A-238P,A-238_Theotokos_Keeper_of_Portal,0.039852171,0.59,5.9,10,0.0197
A-238.11x14M,A-238_Theotokos_Keeper_of_Portal,2.30378204,0.59,8.26,14,0.75
A-238.11x14P,A-238_Theotokos_Keeper_of_Portal,0.078110256,0.59,8.26,14,0.0197
A-238.16x20M,A-238_Theotokos_Keeper_of_Portal,4.701596,0.59,11.8,20,0.75
A-238.16x20P,A-238_Theotokos_Keeper_of_Portal,0.159408685,0.59,11.8,20,0.0197
A-238.20x24M,A-238_Theotokos_Keeper_of_Portal,6.77029824,0.59,14.16,24,0.75
A-238.20x24P,A-238_Theotokos_Keeper_of_Portal,0.229548507,0.59,14.16,24,0.0197
A-238.24x30M,A-238_Theotokos_Keeper_of_Portal,10.578591,0.59,17.7,30,0.75
A-238.24x30P,A-238_Theotokos_Keeper_of_Portal,0.358669542,0.59,17.7,30,0.0197
A-238.30x40M,A-238_Theotokos_Keeper_of_Portal,18.806384,0.59,23.6,40,0.75
A-238.30x40P,A-238_Theotokos_Keeper_of_Portal,0.637634741,0.59,23.6,40,0.0197
A-238.40x50M,A-238_Theotokos_Keeper_of_Portal,29.384975,0.59,29.5,50,0.75
A-238.40x50P,A-238_Theotokos_Keeper_of_Portal,0.996304283,0.59,29.5,50,0.0197
A-301.5x7M,A-301_Theotokos_Eleousa,0.486024667,0.673333333,4.713333333,7,0.5
A-301.5x7P,A-301_Theotokos_Eleousa,0.022285694,0.673333333,4.713333333,7,0.0197
A-301,A-301_Theotokos_Eleousa,1.344240667,0.673333333,6.733333333,10,0.75
A-301P,A-301_Theotokos_Eleousa,0.045481009,0.673333333,6.733333333,10,0.0197
A-301.11x14M,A-301_Theotokos_Eleousa,2.634711707,0.673333333,9.426666667,14,0.75
A-301.11x14P,A-301_Theotokos_Eleousa,0.089142778,0.673333333,9.426666667,14,0.0197
A-301.16x20M,A-301_Theotokos_Eleousa,5.376962667,0.673333333,13.46666667,20,0.75
A-301.16x20P,A-301_Theotokos_Eleousa,0.181924036,0.673333333,13.46666667,20,0.0197
A-301.20x24M,A-301_Theotokos_Eleousa,7.74282624,0.673333333,16.16,24,0.75
A-301.20x24P,A-301_Theotokos_Eleousa,0.261970612,0.673333333,16.16,24,0.0197
A-301.24x30M,A-301_Theotokos_Eleousa,12.098166,0.673333333,20.2,30,0.75
A-301.24x30P,A-301_Theotokos_Eleousa,0.409329082,0.673333333,20.2,30,0.0197
A-301.30x40M,A-301_Theotokos_Eleousa,21.50785067,0.673333333,26.93333333,40,0.75
A-301.30x40P,A-301_Theotokos_Eleousa,0.727696145,0.673333333,26.93333333,40,0.0197
A-301.40x50M,A-301_Theotokos_Eleousa,33.60601667,0.673333333,33.66666667,50,0.75
A-301.40x50P,A-301_Theotokos_Eleousa,1.137025227,0.673333333,33.66666667,50,0.0197
A-309.5x7M,A-309-Life-giving-Spring,0.5767035,0.805,5.635,7,0.5
A-309.5x7P,A-309-Life-giving-Spring,0.026643541,0.805,5.635,7,0.0197
A-309,A-309-Life-giving-Spring,1.6110105,0.805,8.05,10,0.75
A-309P,A-309-Life-giving-Spring,0.054374573,0.805,8.05,10,0.0197
A-309.11x14M,A-309-Life-giving-Spring,3.15758058,0.805,11.27,14,0.75
A-309.11x14P,A-309-Life-giving-Spring,0.106574163,0.805,11.27,14,0.0197
A-309.16x20M,A-309-Life-giving-Spring,6.444042,0.805,16.1,20,0.75
A-309.16x20P,A-309-Life-giving-Spring,0.217498291,0.805,16.1,20,0.0197
A-309.20x24M,A-309-Life-giving-Spring,9.27942048,0.805,19.32,24,0.75
A-309.20x24P,A-309-Life-giving-Spring,0.313197539,0.805,19.32,24,0.0197
A-309.24x30M,A-309-Life-giving-Spring,14.4990945,0.805,24.15,30,0.75
A-309.24x30P,A-309-Life-giving-Spring,0.489371155,0.805,24.15,30,0.0197
A-309.30x40M,A-309-Life-giving-Spring,25.776168,0.805,32.2,40,0.75
A-309.30x40P,A-309-Life-giving-Spring,0.869993164,0.805,32.2,40,0.0197
A-309.40x50M,A-309-Life-giving-Spring,40.2752625,0.805,40.25,50,0.75
A-309.40x50P,A-309-Life-giving-Spring,1.359364318,0.805,40.25,50,0.0197
A-323.5x7M,A-323_Theotokos_Sweet_Kissing_Kontoglou,0.606547167,0.848333333,5.938333333,7,0.5
A-323.5x7P,A-323_Theotokos_Sweet_Kissing_Kontoglou,0.028077768,0.848333333,5.938333333,7,0.0197
A-323,A-323_Theotokos_Sweet_Kissing_Kontoglou,1.698808167,0.848333333,8.483333333,10,0.75
A-323P,A-323_Theotokos_Sweet_Kissing_Kontoglou,0.057301568,0.848333333,8.483333333,10,0.0197
A-323.11x14M,A-323_Theotokos_Sweet_Kissing_Kontoglou,3.329664007,0.848333333,11.87666667,14,0.75
A-323.11x14P,A-323_Theotokos_Sweet_Kissing_Kontoglou,0.112311074,0.848333333,11.87666667,14,0.0197
A-323.16x20M,A-323_Theotokos_Sweet_Kissing_Kontoglou,6.795232667,0.848333333,16.96666667,20,0.75
A-323.16x20P,A-323_Theotokos_Sweet_Kissing_Kontoglou,0.229206274,0.848333333,16.96666667,20,0.0197
A-323.20x24M,A-323_Theotokos_Sweet_Kissing_Kontoglou,9.78513504,0.848333333,20.36,24,0.75
A-323.20x24P,A-323_Theotokos_Sweet_Kissing_Kontoglou,0.330057034,0.848333333,20.36,24,0.0197
A-323.24x30M,A-323_Theotokos_Sweet_Kissing_Kontoglou,15.2892735,0.848333333,25.45,30,0.75
A-323.24x30P,A-323_Theotokos_Sweet_Kissing_Kontoglou,0.515714115,0.848333333,25.45,30,0.0197
A-323.30x40M,A-323_Theotokos_Sweet_Kissing_Kontoglou,27.18093067,0.848333333,33.93333333,40,0.75
A-323.30x40P,A-323_Theotokos_Sweet_Kissing_Kontoglou,0.916825094,0.848333333,33.93333333,40,0.0197
A-323.40x50M,A-323_Theotokos_Sweet_Kissing_Kontoglou,42.47020417,0.848333333,42.41666667,50,0.75
A-323.40x50P,A-323_Theotokos_Sweet_Kissing_Kontoglou,1.432539209,0.848333333,42.41666667,50,0.0197
A-324.5x7M,A-324_Theotokos_Searcher_for_the_lost,0.529642333,0.736666667,5.156666667,7,0.5
A-324.5x7P,A-324_Theotokos_Searcher_for_the_lost,0.024381874,0.736666667,5.156666667,7,0.0197
A-324,A-324_Theotokos_Searcher_for_the_lost,1.472560333,0.736666667,7.366666667,10,0.75
A-324P,A-324_Theotokos_Searcher_for_the_lost,0.049758926,0.736666667,7.366666667,10,0.0197
A-324.11x14M,A-324_Theotokos_Searcher_for_the_lost,2.886218253,0.736666667,10.31333333,14,0.75
A-324.11x14P,A-324_Theotokos_Searcher_for_the_lost,0.097527494,0.736666667,10.31333333,14,0.0197
A-324.16x20M,A-324_Theotokos_Searcher_for_the_lost,5.890241333,0.736666667,14.73333333,20,0.75
A-324.16x20P,A-324_Theotokos_Searcher_for_the_lost,0.199035703,0.736666667,14.73333333,20,0.0197
A-324.20x24M,A-324_Theotokos_Searcher_for_the_lost,8.48194752,0.736666667,17.68,24,0.75
A-324.20x24P,A-324_Theotokos_Searcher_for_the_lost,0.286611412,0.736666667,17.68,24,0.0197
A-324.24x30M,A-324_Theotokos_Searcher_for_the_lost,13.253043,0.736666667,22.1,30,0.75
A-324.24x30P,A-324_Theotokos_Searcher_for_the_lost,0.447830332,0.736666667,22.1,30,0.0197
A-324.30x40M,A-324_Theotokos_Searcher_for_the_lost,23.56096533,0.736666667,29.46666667,40,0.75
A-324.30x40P,A-324_Theotokos_Searcher_for_the_lost,0.796142812,0.736666667,29.46666667,40,0.0197
A-324.40x50M,A-324_Theotokos_Searcher_for_the_lost,36.81400833,0.736666667,36.83333333,50,0.75
A-324.40x50P,A-324_Theotokos_Searcher_for_the_lost,1.243973144,0.736666667,36.83333333,50,0.0197
A-333.5x7M,A-333_Theotokos_of_the_Sign,0.577851333,0.806666667,5.646666667,7,0.5
A-333.5x7P,A-333_Theotokos_of_the_Sign,0.026698703,0.806666667,5.646666667,7,0.0197
A-333,A-333_Theotokos_of_the_Sign,1.614387333,0.806666667,8.066666667,10,0.75
A-333P,A-333_Theotokos_of_the_Sign,0.054487149,0.806666667,8.066666667,10,0.0197
A-333.11x14M,A-333_Theotokos_of_the_Sign,3.164199173,0.806666667,11.29333333,14,0.75
A-333.11x14P,A-333_Theotokos_of_the_Sign,0.106794813,0.806666667,11.29333333,14,0.0197
A-333.16x20M,A-333_Theotokos_of_the_Sign,6.457549333,0.806666667,16.13333333,20,0.75
A-333.16x20P,A-333_Theotokos_of_the_Sign,0.217948598,0.806666667,16.13333333,20,0.0197
A-333.20x24M,A-333_Theotokos_of_the_Sign,9.29887104,0.806666667,19.36,24,0.75
A-333.20x24P,A-333_Theotokos_of_the_Sign,0.313845981,0.806666667,19.36,24,0.0197
A-333.24x30M,A-333_Theotokos_of_the_Sign,14.529486,0.806666667,24.2,30,0.75
A-333.24x30P,A-333_Theotokos_of_the_Sign,0.490384345,0.806666667,24.2,30,0.0197
A-333.30x40M,A-333_Theotokos_of_the_Sign,25.83019733,0.806666667,32.26666667,40,0.75
A-333.30x40P,A-333_Theotokos_of_the_Sign,0.871794392,0.806666667,32.26666667,40,0.0197
A-333.40x50M,A-333_Theotokos_of_the_Sign,40.35968333,0.806666667,40.33333333,50,0.75
A-333.40x50P,A-333_Theotokos_of_the_Sign,1.362178737,0.806666667,40.33333333,50,0.0197
A-339.5x7M,A-339_Theotokos_Directress_by_Kontoglou,0.4940595,0.685,4.795,7,0.5
A-339.5x7P,A-339_Theotokos_Directress_by_Kontoglou,0.022671833,0.685,4.795,7,0.0197
A-339,A-339_Theotokos_Directress_by_Kontoglou,1.3678785,0.685,6.85,10,0.75
A-339P,A-339_Theotokos_Directress_by_Kontoglou,0.046269046,0.685,6.85,10,0.0197
A-339.11x14M,A-339_Theotokos_Directress_by_Kontoglou,2.68104186,0.685,9.59,14,0.75
A-339.11x14P,A-339_Theotokos_Directress_by_Kontoglou,0.090687331,0.685,9.59,14,0.0197
A-339.16x20M,A-339_Theotokos_Directress_by_Kontoglou,5.471514,0.685,13.7,20,0.75
A-339.16x20P,A-339_Theotokos_Directress_by_Kontoglou,0.185076185,0.685,13.7,20,0.0197
A-339.20x24M,A-339_Theotokos_Directress_by_Kontoglou,7.87898016,0.685,16.44,24,0.75
A-339.20x24P,A-339_Theotokos_Directress_by_Kontoglou,0.266509707,0.685,16.44,24,0.0197
A-339.24x30M,A-339_Theotokos_Directress_by_Kontoglou,12.3109065,0.685,20.55,30,0.75
A-339.24x30P,A-339_Theotokos_Directress_by_Kontoglou,0.416421417,0.685,20.55,30,0.0197
A-339.30x40M,A-339_Theotokos_Directress_by_Kontoglou,21.886056,0.685,27.4,40,0.75
A-339.30x40P,A-339_Theotokos_Directress_by_Kontoglou,0.740304742,0.685,27.4,40,0.0197
A-339.40x50M,A-339_Theotokos_Directress_by_Kontoglou,34.1969625,0.685,34.25,50,0.75
A-339.40x50P,A-339_Theotokos_Directress_by_Kontoglou,1.156726159,0.685,34.25,50,0.0197
A-340.5x7M,A-340_Theotokos_Unexpected_Joy,0.57326,0.8,5.6,7,0.5
A-340.5x7P,A-340_Theotokos_Unexpected_Joy,0.026478053,0.8,5.6,7,0.0197
A-340,A-340_Theotokos_Unexpected_Joy,1.60088,0.8,8,10,0.75
A-340P,A-340_Theotokos_Unexpected_Joy,0.054036842,0.8,8,10,0.0197
A-340.11x14M,A-340_Theotokos_Unexpected_Joy,3.1377248,0.8,11.2,14,0.75
A-340.11x14P,A-340_Theotokos_Unexpected_Joy,0.105912211,0.8,11.2,14,0.0197
A-340.16x20M,A-340_Theotokos_Unexpected_Joy,6.40352,0.8,16,20,0.75
A-340.16x20P,A-340_Theotokos_Unexpected_Joy,0.21614737,0.8,16,20,0.0197
A-340.20x24M,A-340_Theotokos_Unexpected_Joy,9.2210688,0.8,19.2,24,0.75
A-340.20x24P,A-340_Theotokos_Unexpected_Joy,0.311252213,0.8,19.2,24,0.0197
A-340.24x30M,A-340_Theotokos_Unexpected_Joy,14.40792,0.8,24,30,0.75
A-340.24x30P,A-340_Theotokos_Unexpected_Joy,0.486331582,0.8,24,30,0.0197
A-340.30x40M,A-340_Theotokos_Unexpected_Joy,25.61408,0.8,32,40,0.75
A-340.30x40P,A-340_Theotokos_Unexpected_Joy,0.864589479,0.8,32,40,0.0197
A-340.40x50M,A-340_Theotokos_Unexpected_Joy,40.022,0.8,40,50,0.75
A-340.40x50P,A-340_Theotokos_Unexpected_Joy,1.350921062,0.8,40,50,0.0197
A-310.5x7M,A-310-of-Vladimir,0.557190333,0.776666667,5.436666667,7,0.5
A-310.5x7P,A-310-of-Vladimir,0.025705776,0.776666667,5.436666667,7,0.0197
A-310,A-310-of-Vladimir,1.553604333,0.776666667,7.766666667,10,0.75
A-310P,A-310-of-Vladimir,0.052460768,0.776666667,7.766666667,10,0.0197
A-310.11x14M,A-310-of-Vladimir,3.045064493,0.776666667,10.87333333,14,0.75
A-310.11x14P,A-310-of-Vladimir,0.102823105,0.776666667,10.87333333,14,0.0197
A-310.16x20M,A-310-of-Vladimir,6.214417333,0.776666667,15.53333333,20,0.75
A-310.16x20P,A-310-of-Vladimir,0.209843072,0.776666667,15.53333333,20,0.0197
A-310.20x24M,A-310-of-Vladimir,8.94876096,0.776666667,18.64,24,0.75
A-310.20x24P,A-310-of-Vladimir,0.302174023,0.776666667,18.64,24,0.0197
A-310.24x30M,A-310-of-Vladimir,13.982439,0.776666667,23.3,30,0.75
A-310.24x30P,A-310-of-Vladimir,0.472146911,0.776666667,23.3,30,0.0197
A-310.30x40M,A-310-of-Vladimir,24.85766933,0.776666667,31.06666667,40,0.75
A-310.30x40P,A-310-of-Vladimir,0.839372286,0.776666667,31.06666667,40,0.0197
A-310.40x50M,A-310-of-Vladimir,38.84010833,0.776666667,38.83333333,50,0.75
A-310.40x50P,A-310-of-Vladimir,1.311519197,0.776666667,38.83333333,50,0.0197
A-343.5x7M,A-343_Theotokos_Donskaya,0.580147,0.81,5.67,7,0.5
A-343.5x7P,A-343_Theotokos_Donskaya,0.026809028,0.81,5.67,7,0.0197
A-343,A-343_Theotokos_Donskaya,1.621141,0.81,8.1,10,0.75
A-343P,A-343_Theotokos_Donskaya,0.054712303,0.81,8.1,10,0.0197
A-343.11x14M,A-343_Theotokos_Donskaya,3.17743636,0.81,11.34,14,0.75
A-343.11x14P,A-343_Theotokos_Donskaya,0.107236114,0.81,11.34,14,0.0197
A-343.16x20M,A-343_Theotokos_Donskaya,6.484564,0.81,16.2,20,0.75
A-343.16x20P,A-343_Theotokos_Donskaya,0.218849212,0.81,16.2,20,0.0197
A-343.20x24M,A-343_Theotokos_Donskaya,9.33777216,0.81,19.44,24,0.75
A-343.20x24P,A-343_Theotokos_Donskaya,0.315142865,0.81,19.44,24,0.0197
A-343.24x30M,A-343_Theotokos_Donskaya,14.590269,0.81,24.3,30,0.75
A-343.24x30P,A-343_Theotokos_Donskaya,0.492410727,0.81,24.3,30,0.0197
A-343.30x40M,A-343_Theotokos_Donskaya,25.938256,0.81,32.4,40,0.75
A-343.30x40P,A-343_Theotokos_Donskaya,0.875396848,0.81,32.4,40,0.0197
A-343.40x50M,A-343_Theotokos_Donskaya,40.528525,0.81,40.5,50,0.75
A-343.40x50P,A-343_Theotokos_Donskaya,1.367807575,0.81,40.5,50,0.0197
A-368.5x7M,A-368_Theotokos_Multiplier_of_Wheat,0.531938,0.74,5.18,7,0.5
A-368.5x7P,A-368_Theotokos_Multiplier_of_Wheat,0.024492199,0.74,5.18,7,0.0197
A-368,A-368_Theotokos_Multiplier_of_Wheat,1.479314,0.74,7.4,10,0.75
A-368P,A-368_Theotokos_Multiplier_of_Wheat,0.049984079,0.74,7.4,10,0.0197
A-368.11x14M,A-368_Theotokos_Multiplier_of_Wheat,2.89945544,0.74,10.36,14,0.75
A-368.11x14P,A-368_Theotokos_Multiplier_of_Wheat,0.097968795,0.74,10.36,14,0.0197
A-368.16x20M,A-368_Theotokos_Multiplier_of_Wheat,5.917256,0.74,14.8,20,0.75
A-368.16x20P,A-368_Theotokos_Multiplier_of_Wheat,0.199936317,0.74,14.8,20,0.0197
A-368.20x24M,A-368_Theotokos_Multiplier_of_Wheat,8.52084864,0.74,17.76,24,0.75
A-368.20x24P,A-368_Theotokos_Multiplier_of_Wheat,0.287908297,0.74,17.76,24,0.0197
A-368.24x30M,A-368_Theotokos_Multiplier_of_Wheat,13.313826,0.74,22.2,30,0.75
A-368.24x30P,A-368_Theotokos_Multiplier_of_Wheat,0.449856714,0.74,22.2,30,0.0197
A-368.30x40M,A-368_Theotokos_Multiplier_of_Wheat,23.669024,0.74,29.6,40,0.75
A-368.30x40P,A-368_Theotokos_Multiplier_of_Wheat,0.799745269,0.74,29.6,40,0.0197
A-368.40x50M,A-368_Theotokos_Multiplier_of_Wheat,36.98285,0.74,37,50,0.75
A-368.40x50P,A-368_Theotokos_Multiplier_of_Wheat,1.249601982,0.74,37,50,0.0197
A-383.5x7M,A-383_Theotokos_All-hymned_Mother,0.5491555,0.765,5.355,7,0.5
A-383.5x7P,A-383_Theotokos_All-hymned_Mother,0.025319638,0.765,5.355,7,0.0197
A-383,A-383_Theotokos_All-hymned_Mother,1.5299665,0.765,7.65,10,0.75
A-383P,A-383_Theotokos_All-hymned_Mother,0.051672731,0.765,7.65,10,0.0197
A-383.11x14M,A-383_Theotokos_All-hymned_Mother,2.99873434,0.765,10.71,14,0.75
A-383.11x14P,A-383_Theotokos_All-hymned_Mother,0.101278552,0.765,10.71,14,0.0197
A-383.16x20M,A-383_Theotokos_All-hymned_Mother,6.119866,0.765,15.3,20,0.75
A-383.16x20P,A-383_Theotokos_All-hymned_Mother,0.206690922,0.765,15.3,20,0.0197
A-383.20x24M,A-383_Theotokos_All-hymned_Mother,8.81260704,0.765,18.36,24,0.75
A-383.20x24P,A-383_Theotokos_All-hymned_Mother,0.297634928,0.765,18.36,24,0.0197
A-383.24x30M,A-383_Theotokos_All-hymned_Mother,13.7696985,0.765,22.95,30,0.75
A-383.24x30P,A-383_Theotokos_All-hymned_Mother,0.465054575,0.765,22.95,30,0.0197
A-383.30x40M,A-383_Theotokos_All-hymned_Mother,24.479464,0.765,30.6,40,0.75
A-383.30x40P,A-383_Theotokos_All-hymned_Mother,0.82676369,0.765,30.6,40,0.0197
A-383.40x50M,A-383_Theotokos_All-hymned_Mother,38.2491625,0.765,38.25,50,0.75
A-383.40x50P,A-383_Theotokos_All-hymned_Mother,1.291818265,0.765,38.25,50,0.0197
A-392.5x7M,A-392-Akathist-Hymn,0.577851333,0.806666667,5.646666667,7,0.5
A-392.5x7P,A-392-Akathist-Hymn,0.026698703,0.806666667,5.646666667,7,0.0197
A-392,A-392-Akathist-Hymn,1.614387333,0.806666667,8.066666667,10,0.75
A-392P,A-392-Akathist-Hymn,0.054487149,0.806666667,8.066666667,10,0.0197
A-392.11x14M,A-392-Akathist-Hymn,3.164199173,0.806666667,11.29333333,14,0.75
A-392.11x14P,A-392-Akathist-Hymn,0.106794813,0.806666667,11.29333333,14,0.0197
A-392.16x20M,A-392-Akathist-Hymn,6.457549333,0.806666667,16.13333333,20,0.75
A-392.16x20P,A-392-Akathist-Hymn,0.217948598,0.806666667,16.13333333,20,0.0197
A-392.20x24M,A-392-Akathist-Hymn,9.29887104,0.806666667,19.36,24,0.75
A-392.20x24P,A-392-Akathist-Hymn,0.313845981,0.806666667,19.36,24,0.0197
A-392.24x30M,A-392-Akathist-Hymn,14.529486,0.806666667,24.2,30,0.75
A-392.24x30P,A-392-Akathist-Hymn,0.490384345,0.806666667,24.2,30,0.0197
A-392.30x40M,A-392-Akathist-Hymn,25.83019733,0.806666667,32.26666667,40,0.75
A-392.30x40P,A-392-Akathist-Hymn,0.871794392,0.806666667,32.26666667,40,0.0197
A-392.40x50M,A-392-Akathist-Hymn,40.35968333,0.806666667,40.33333333,50,0.75
A-392.40x50P,A-392-Akathist-Hymn,1.362178737,0.806666667,40.33333333,50,0.0197
