[
  {
    "model": "inventory.producttype",
    "pk": 1,
    "fields": {
      "name": "book"
    }
  },
  {
    "model": "inventory.producttype",
    "pk": 2,
    "fields": {
      "name": "incense"
    }
  },
  {
    "model": "inventory.producttype",
    "pk": 3,
    "fields": {
      "name": "mounted icon"
    }
  },
  {
    "model": "inventory.producttype",
    "pk": 4,
    "fields": {
      "name": "icon print"
    }
  },
  {
    "model": "inventory.producttype",
    "pk": 5,
    "fields": {
      "name": "Metal Item"
    }
  },
  {
    "model": "inventory.productspecification",
    "pk": 1,
    "fields": {
      "product_type": 3,
      "name": "size"
    }
  },
  {
    "model": "inventory.productspecification",
    "pk": 2,
    "fields": {
      "product_type": 2,
      "name": "size"
    }
  },
  {
    "model": "inventory.productspecification",
    "pk": 3,
    "fields": {
      "product_type": 4,
      "name": "size"
    }
  },
  {
    "model": "inventory.productinventory",
    "pk": 1,
    "fields": {
      "product": 1,
      "product_type": 1,
      "sku": "B-10",
      "restock_point": null,
      "target_amount": 10,
      "weight": "16.00",
      "price": "16.00"
    }
  },
  {
    "model": "inventory.productinventory",
    "pk": 3,
    "fields": {
      "product": 2,
      "product_type": 4,
      "sku": "A-9P",
      "restock_point": 5,
      "target_amount": 25,
      "weight": "0.01",
      "price": "18.00"
    }
  },
  {
    "model": "inventory.productinventory",
    "pk": 4,
    "fields": {
      "product": 2,
      "product_type": 3,
      "sku": "A-9",
      "restock_point": 4,
      "target_amount": 12,
      "weight": "39.00",
      "price": "32.00"
    }
  },
  {
    "model": "inventory.productinventory",
    "pk": 7,
    "fields": {
      "product": 6,
      "product_type": 2,
      "sku": "L-1C",
      "restock_point": null,
      "target_amount": 10,
      "weight": "1.00",
      "price": "9.99"
    }
  },
  {
    "model": "inventory.productinventory",
    "pk": 9,
    "fields": {
      "product": 5,
      "product_type": 4,
      "sku": "A-399P",
      "restock_point": 10,
      "target_amount": 25,
      "weight": "0.78",
      "price": "18.00"
    }
  },
  {
    "model": "inventory.productinventory",
    "pk": 10,
    "fields": {
      "product": 8,
      "product_type": 4,
      "sku": "A-148P",
      "restock_point": 5,
      "target_amount": 25,
      "weight": "1.00",
      "price": "18.00"
    }
  },
  {
    "model": "inventory.productinventory",
    "pk": 11,
    "fields": {
      "product": 9,
      "product_type": 4,
      "sku": "A-176P",
      "restock_point": 5,
      "target_amount": 25,
      "weight": "1.00",
      "price": "18.00"
    }
  },
  {
    "model": "inventory.productinventory",
    "pk": 12,
    "fields": {
      "product": 10,
      "product_type": 4,
      "sku": "A-391P",
      "restock_point": 4,
      "target_amount": 25,
      "weight": "1.00",
      "price": "18.00"
    }
  },
  {
    "model": "inventory.productinventory",
    "pk": 13,
    "fields": {
      "product": 11,
      "product_type": 4,
      "sku": "A-122P",
      "restock_point": 5,
      "target_amount": 25,
      "weight": "0.05",
      "price": "18.00"
    }
  },
  {
    "model": "inventory.productinventory",
    "pk": 14,
    "fields": {
      "product": 12,
      "product_type": 4,
      "sku": "A-298P",
      "restock_point": 10,
      "target_amount": 25,
      "weight": "0.76",
      "price": "18.00"
    }
  },
  {
    "model": "inventory.productinventory",
    "pk": 15,
    "fields": {
      "product": 13,
      "product_type": 4,
      "sku": "A-129P",
      "restock_point": 10,
      "target_amount": 20,
      "weight": "0.94",
      "price": "18.00"
    }
  },
  {
    "model": "inventory.productinventory",
    "pk": 16,
    "fields": {
      "product": 14,
      "product_type": 4,
      "sku": "A-5P",
      "restock_point": 20,
      "target_amount": 50,
      "weight": "0.75",
      "price": "18.00"
    }
  },
  {
    "model": "inventory.productinventory",
    "pk": 17,
    "fields": {
      "product": 14,
      "product_type": 3,
      "sku": "A-5",
      "restock_point": 15,
      "target_amount": 30,
      "weight": "22.21",
      "price": "32.00"
    }
  },
  {
    "model": "inventory.productinventory",
    "pk": 18,
    "fields": {
      "product": 13,
      "product_type": 3,
      "sku": "A-129",
      "restock_point": 5,
      "target_amount": 15,
      "weight": "28.02",
      "price": "32.00"
    }
  },
  {
    "model": "inventory.productinventory",
    "pk": 19,
    "fields": {
      "product": 12,
      "product_type": 3,
      "sku": "A-298",
      "restock_point": 15,
      "target_amount": 20,
      "weight": "22.53",
      "price": "32.00"
    }
  },
  {
    "model": "inventory.productinventory",
    "pk": 20,
    "fields": {
      "product": 11,
      "product_type": 3,
      "sku": "A-122",
      "restock_point": 15,
      "target_amount": 30,
      "weight": "23.51",
      "price": "32.00"
    }
  },
  {
    "model": "inventory.productinventory",
    "pk": 21,
    "fields": {
      "product": 10,
      "product_type": 3,
      "sku": "A-391",
      "restock_point": 5,
      "target_amount": 25,
      "weight": "22.70",
      "price": "32.00"
    }
  },
  {
    "model": "inventory.productinventory",
    "pk": 22,
    "fields": {
      "product": 9,
      "product_type": 3,
      "sku": "A-176",
      "restock_point": 4,
      "target_amount": 12,
      "weight": "25.24",
      "price": "32.00"
    }
  },
  {
    "model": "inventory.productinventory",
    "pk": 23,
    "fields": {
      "product": 8,
      "product_type": 3,
      "sku": "A-148",
      "restock_point": 15,
      "target_amount": 30,
      "weight": "21.67",
      "price": "32.00"
    }
  },
  {
    "model": "inventory.productinventory",
    "pk": 24,
    "fields": {
      "product": 4,
      "product_type": 3,
      "sku": "A-11",
      "restock_point": 5,
      "target_amount": 15,
      "weight": "27.88",
      "price": "32.00"
    }
  },
  {
    "model": "inventory.productinventory",
    "pk": 25,
    "fields": {
      "product": 3,
      "product_type": 3,
      "sku": "A-329",
      "restock_point": 4,
      "target_amount": 12,
      "weight": "20.90",
      "price": "32.00"
    }
  },
  {
    "model": "inventory.productinventory",
    "pk": 26,
    "fields": {
      "product": 5,
      "product_type": 3,
      "sku": "A-399",
      "restock_point": 5,
      "target_amount": 15,
      "weight": "23.07",
      "price": "32.00"
    }
  },
  {
    "model": "inventory.productinventory",
    "pk": 27,
    "fields": {
      "product": 4,
      "product_type": 4,
      "sku": "A-11P",
      "restock_point": 5,
      "target_amount": 25,
      "weight": "0.94",
      "price": "18.00"
    }
  },
  {
    "model": "inventory.productinventory",
    "pk": 28,
    "fields": {
      "product": 15,
      "product_type": 3,
      "sku": "A-93",
      "restock_point": 15,
      "target_amount": 20,
      "weight": "19.72",
      "price": "32.00"
    }
  },
  {
    "model": "inventory.productinventory",
    "pk": 29,
    "fields": {
      "product": 15,
      "product_type": 4,
      "sku": "A-93P",
      "restock_point": 10,
      "target_amount": 25,
      "weight": "0.67",
      "price": "18.00"
    }
  },
  {
    "model": "inventory.productspecificationvalue",
    "pk": 2,
    "fields": {
      "specification": 2,
      "sku": 7,
      "value": "ounce"
    }
  },
  {
    "model": "inventory.stock",
    "pk": 3,
    "fields": {
      "productinv": 4,
      "wrapping_qty": 6,
      "sanding_qty": 0,
      "painting_qty": 0
    }
  },
  {
    "model": "inventory.stock",
    "pk": 4,
    "fields": {
      "productinv": 17,
      "wrapping_qty": 3,
      "sanding_qty": 0,
      "painting_qty": 0
    }
  },
  {
    "model": "inventory.stock",
    "pk": 5,
    "fields": {
      "productinv": 21,
      "wrapping_qty": 0,
      "sanding_qty": 0,
      "painting_qty": 0
    }
  },
  {
    "model": "inventory.stock",
    "pk": 6,
    "fields": {
      "productinv": 21,
      "wrapping_qty": 0,
      "sanding_qty": 0,
      "painting_qty": 0
    }
  },
  {
    "model": "inventory.stock",
    "pk": 7,
    "fields": {
      "productinv": 22,
      "wrapping_qty": 0,
      "sanding_qty": 0,
      "painting_qty": 0
    }
  },
  {
    "model": "inventory.stock",
    "pk": 8,
    "fields": {
      "productinv": 22,
      "wrapping_qty": 0,
      "sanding_qty": 0,
      "painting_qty": 0
    }
  },
  {
    "model": "inventory.stock",
    "pk": 9,
    "fields": {
      "productinv": 23,
      "wrapping_qty": 0,
      "sanding_qty": 0,
      "painting_qty": 0
    }
  },
  {
    "model": "inventory.stock",
    "pk": 10,
    "fields": {
      "productinv": 23,
      "wrapping_qty": 0,
      "sanding_qty": 0,
      "painting_qty": 0
    }
  },
  {
    "model": "inventory.stock",
    "pk": 11,
    "fields": {
      "productinv": 24,
      "wrapping_qty": 0,
      "sanding_qty": 0,
      "painting_qty": 0
    }
  },
  {
    "model": "inventory.stock",
    "pk": 12,
    "fields": {
      "productinv": 24,
      "wrapping_qty": 0,
      "sanding_qty": 0,
      "painting_qty": 0
    }
  },
  {
    "model": "inventory.stock",
    "pk": 13,
    "fields": {
      "productinv": 25,
      "wrapping_qty": 0,
      "sanding_qty": 0,
      "painting_qty": 0
    }
  },
  {
    "model": "inventory.stock",
    "pk": 14,
    "fields": {
      "productinv": 25,
      "wrapping_qty": 1,
      "sanding_qty": 0,
      "painting_qty": 0
    }
  },
  {
    "model": "inventory.stock",
    "pk": 15,
    "fields": {
      "productinv": 20,
      "wrapping_qty": 0,
      "sanding_qty": 0,
      "painting_qty": 0
    }
  },
  {
    "model": "inventory.stock",
    "pk": 16,
    "fields": {
      "productinv": 20,
      "wrapping_qty": 0,
      "sanding_qty": 0,
      "painting_qty": 0
    }
  },
  {
    "model": "inventory.stock",
    "pk": 17,
    "fields": {
      "productinv": 19,
      "wrapping_qty": 2,
      "sanding_qty": 0,
      "painting_qty": 0
    }
  },
  {
    "model": "inventory.stock",
    "pk": 18,
    "fields": {
      "productinv": 19,
      "wrapping_qty": 0,
      "sanding_qty": 0,
      "painting_qty": 0
    }
  },
  {
    "model": "inventory.stock",
    "pk": 19,
    "fields": {
      "productinv": 18,
      "wrapping_qty": 0,
      "sanding_qty": 0,
      "painting_qty": 0
    }
  },
  {
    "model": "inventory.stock",
    "pk": 20,
    "fields": {
      "productinv": 18,
      "wrapping_qty": 13,
      "sanding_qty": 0,
      "painting_qty": 0
    }
  },
  {
    "model": "inventory.stock",
    "pk": 21,
    "fields": {
      "productinv": 17,
      "wrapping_qty": 1,
      "sanding_qty": 0,
      "painting_qty": 0
    }
  },
  {
    "model": "inventory.stock",
    "pk": 22,
    "fields": {
      "productinv": 4,
      "wrapping_qty": 2,
      "sanding_qty": 0,
      "painting_qty": 0
    }
  },
  {
    "model": "inventory.stock",
    "pk": 23,
    "fields": {
      "productinv": 4,
      "wrapping_qty": 1,
      "sanding_qty": 0,
      "painting_qty": 0
    }
  },
  {
    "model": "inventory.stock",
    "pk": 24,
    "fields": {
      "productinv": 10,
      "wrapping_qty": 0,
      "sanding_qty": 0,
      "painting_qty": 0
    }
  },
  {
    "model": "inventory.stock",
    "pk": 25,
    "fields": {
      "productinv": 11,
      "wrapping_qty": 4,
      "sanding_qty": 0,
      "painting_qty": 0
    }
  },
  {
    "model": "inventory.stock",
    "pk": 26,
    "fields": {
      "productinv": 12,
      "wrapping_qty": 0,
      "sanding_qty": 0,
      "painting_qty": 0
    }
  },
  {
    "model": "inventory.stock",
    "pk": 27,
    "fields": {
      "productinv": 13,
      "wrapping_qty": 0,
      "sanding_qty": 0,
      "painting_qty": 0
    }
  },
  {
    "model": "inventory.stock",
    "pk": 28,
    "fields": {
      "productinv": 14,
      "wrapping_qty": 9,
      "sanding_qty": 0,
      "painting_qty": 0
    }
  },
  {
    "model": "inventory.stock",
    "pk": 29,
    "fields": {
      "productinv": 15,
      "wrapping_qty": 8,
      "sanding_qty": 0,
      "painting_qty": 0
    }
  },
  {
    "model": "inventory.stock",
    "pk": 30,
    "fields": {
      "productinv": 9,
      "wrapping_qty": 18,
      "sanding_qty": 0,
      "painting_qty": 0
    }
  },
  {
    "model": "inventory.stock",
    "pk": 31,
    "fields": {
      "productinv": 16,
      "wrapping_qty": 9,
      "sanding_qty": 0,
      "painting_qty": 0
    }
  },
  {
    "model": "inventory.stock",
    "pk": 32,
    "fields": {
      "productinv": 24,
      "wrapping_qty": 15,
      "sanding_qty": 0,
      "painting_qty": 0
    }
  },
  {
    "model": "inventory.stock",
    "pk": 33,
    "fields": {
      "productinv": 19,
      "wrapping_qty": 10,
      "sanding_qty": 0,
      "painting_qty": 0
    }
  },
  {
    "model": "inventory.stock",
    "pk": 35,
    "fields": {
      "productinv": 21,
      "wrapping_qty": 6,
      "sanding_qty": 0,
      "painting_qty": 0
    }
  },
  {
    "model": "inventory.stock",
    "pk": 36,
    "fields": {
      "productinv": 22,
      "wrapping_qty": 7,
      "sanding_qty": 0,
      "painting_qty": 0
    }
  },
  {
    "model": "inventory.stock",
    "pk": 37,
    "fields": {
      "productinv": 23,
      "wrapping_qty": 8,
      "sanding_qty": 0,
      "painting_qty": 0
    }
  },
  {
    "model": "inventory.stock",
    "pk": 39,
    "fields": {
      "productinv": 20,
      "wrapping_qty": 15,
      "sanding_qty": 0,
      "painting_qty": 0
    }
  },
  {
    "model": "inventory.stock",
    "pk": 40,
    "fields": {
      "productinv": 18,
      "wrapping_qty": 21,
      "sanding_qty": 0,
      "painting_qty": 0
    }
  }
]
